{
    "normals": [-1,0,0,-0.630238,0.297098,-0.717277,-0.630238,-0.297098,-0.717277,1,0,0,0.191412,-0.412336,-0.890683,0.191412,0.412336,-0.890683,-0.512131,-0.56621,0.645833,0.191412,-0.412336,0.890683,0.191412,0.412336,0.890683,-0.512131,0.56621,0.645833,-0.630238,-0.717277,-0.297098,0.131077,-0.915891,-0.379376,-0.281075,-0.678579,-0.678579,0,-0.923856,-0.382672,-0.630238,-0.717277,0.297098,0.131077,-0.915891,0.379376,0,-0.923856,0.382672,-0.630238,-0.297098,0.717277,-0.281075,-0.678579,0.678579,-0.630238,0.297098,0.717277,-0.281075,0.678579,0.678579,-0.630238,0.717277,0.297098,0.131077,0.915891,0.379376,0,0.923856,0.382672,-0.630238,0.717277,-0.297098,0.131077,0.915891,-0.379376,0,0.923856,-0.382672,-0.281075,0.678579,-0.678579,-0.239967,0.715079,-0.656545,0.036561,0.914243,-0.403485,0.036561,0.403485,-0.914212,-0.240516,0.656911,-0.71456,0.036561,0.914243,0.403485,0.04651,0.784783,-0.617969,0.04651,0.784783,0.617969,-0.240516,0.656911,0.71456,0.036561,0.403485,0.914212,-0.239967,0.715079,0.656545,-0.239967,-0.715079,-0.656545,0.036561,-0.914243,-0.403485,0.04651,-0.784783,-0.617969,-0.588336,-0.624866,-0.513169,0.036561,-0.403485,0.914212,-0.239967,-0.715079,0.656545,0.036561,-0.914243,0.403485,-0.240516,-0.65688,0.71456,-0.588153,0.514115,0.624256,0.046571,0.619068,0.783929,-0.240516,-0.656911,-0.71456,0.036561,-0.403485,-0.914212,-0.588153,-0.514115,0.624256,-0.512131,-0.56621,-0.645833,-0.512131,0.56621,-0.645833,-0.588336,0.624866,0.513169,-0.588336,0.624866,-0.513169,0.046571,-0.619068,0.783929,0.04651,-0.784783,0.617969,-0.588336,-0.624866,0.513169,-0.588153,0.514115,-0.624256,0.046571,0.619068,-0.783929,0.046571,-0.619068,-0.783929,-0.588153,-0.514115,-0.624256],
    "name": "CylinderGeometry",
    "faces": [32,0,2,4,0,1,2,32,1,5,3,3,4,5,33,40,11,13,41,6,7,8,9,32,0,4,6,0,2,10,32,1,7,5,3,11,4,33,20,5,7,22,12,4,11,13,32,0,6,8,0,10,14,32,1,9,7,3,15,11,33,22,7,9,24,13,11,15,16,32,0,8,10,0,14,17,32,1,11,9,3,7,15,33,24,9,11,26,16,15,7,18,32,0,10,12,0,17,19,32,1,13,11,3,8,7,33,28,26,40,41,20,18,6,9,32,0,12,14,0,19,21,32,1,15,13,3,22,8,33,28,13,15,30,20,8,22,23,32,0,14,16,0,21,24,32,1,17,15,3,25,22,33,30,15,17,32,23,22,25,26,32,0,16,2,0,24,1,32,1,3,17,3,5,25,33,32,17,3,19,26,25,5,27,33,44,33,18,45,28,29,30,31,33,33,32,19,18,29,26,27,30,33,31,33,49,48,32,29,33,34,33,31,30,32,33,32,23,26,29,33,42,29,31,43,35,36,32,37,33,29,28,30,31,36,20,23,32,33,35,23,52,60,38,39,40,41,33,27,26,28,29,42,18,20,36,33,38,25,27,37,43,44,42,45,33,25,24,26,27,44,16,18,42,33,29,42,55,51,36,35,46,47,33,23,22,24,25,39,13,16,44,33,34,21,23,35,48,49,39,38,33,21,20,22,23,49,12,13,39,33,42,37,56,55,35,45,50,46,33,18,19,20,21,30,27,12,49,32,5,20,39,4,12,51,32,26,11,40,18,7,6,33,36,3,5,39,52,5,4,51,32,19,3,36,27,5,52,33,4,34,35,6,2,48,38,10,33,2,45,34,4,1,31,48,2,33,20,19,36,39,12,27,52,51,32,13,28,41,8,20,9,33,6,35,38,8,10,38,43,14,33,8,38,37,10,14,43,45,17,33,10,37,42,12,17,45,35,19,33,12,42,43,14,19,35,37,21,33,14,43,44,16,21,37,28,24,33,16,44,45,2,24,28,31,1,33,58,48,49,59,53,34,33,54,33,56,50,51,55,50,55,47,46,33,60,52,53,57,41,40,56,57,33,46,47,54,61,58,59,60,61,33,37,27,50,56,45,42,55,50,33,21,34,61,54,49,48,61,60,33,23,25,53,52,39,44,56,40,33,44,43,58,59,28,37,53,54,33,25,38,57,53,44,43,57,56,33,34,45,46,61,48,31,58,61,33,43,31,48,58,37,32,34,53,33,27,29,51,50,42,36,47,55,33,45,18,47,46,31,30,59,58,33,33,44,59,49,29,28,54,33,33,38,35,60,57,43,38,41,57,33,18,21,54,47,30,49,60,59],
    "metadata": {
        "normals": 62,
        "generator": "io_three",
        "faces": 70,
        "version": 3,
        "uvs": 0,
        "type": "Geometry",
        "vertices": 62
    },
    "uvs": [],
    "vertices": [-39.7287,-0,-0,39.9688,0,0,-39.7287,0.382683,-0.92388,36.3759,0.382684,-0.923879,-39.7287,-0.382684,-0.92388,36.3759,-0.382683,-0.923879,-39.7287,-0.92388,-0.382683,36.3759,-0.923879,-0.382683,-39.7287,-0.92388,0.382683,36.3759,-0.923879,0.382684,-39.7287,-0.382684,0.923879,36.3759,-0.382683,0.92388,-39.7287,0.382683,0.923879,36.3759,0.382684,0.92388,-39.7287,0.923879,0.382683,36.3759,0.92388,0.382684,-39.7287,0.923879,-0.382684,36.3759,0.92388,-0.382683,-26.2993,0.382683,-0.92388,28.3759,0.382683,-0.92388,28.3759,-0.382684,-0.92388,-26.2993,-0.382684,-0.92388,28.3759,-0.923879,-0.382683,-26.2993,-0.92388,-0.382683,28.3759,-0.92388,0.382683,-26.2993,-0.92388,0.382683,28.3759,-0.382683,0.92388,-26.2993,-0.382683,0.92388,28.3759,0.382684,0.92388,-26.2993,0.382684,0.923879,28.3759,0.92388,0.382683,-26.2993,0.923879,0.382683,28.3759,0.92388,-0.382683,-26.2993,0.92388,-0.382683,-38.5287,-0.382684,-0.92388,-38.5287,-0.92388,-0.382683,28.3759,0.382683,-2.79612,-38.5287,-0.382684,0.923879,-38.5287,-0.92388,0.382683,28.3759,-0.382684,-2.79612,28.3759,-0.382683,2.79612,28.3759,0.382684,2.79612,-38.5287,0.382683,0.923879,-38.5287,0.923879,0.382683,-38.5287,0.923879,-0.382684,-38.5287,0.382683,-0.92388,-38.5287,0.094531,-2.39895,-36.836,0.094531,-2.39895,-36.836,2.39894,0.09032,-36.836,2.39895,-0.090321,-36.836,-0.094531,2.39894,-36.836,0.094532,2.39894,-36.836,-2.39895,-0.09032,-36.836,-2.39895,0.090321,-36.836,-0.094532,-2.39895,-38.5287,0.094531,2.39894,-38.5287,-0.094531,2.39894,-38.5287,-2.39895,0.090321,-38.5287,2.39894,0.09032,-38.5287,2.39894,-0.090321,-38.5287,-2.39895,-0.090321,-38.5287,-0.094532,-2.39895]
}