{
    "faces": [33,5,4,11,12,0,1,2,3,33,3,2,9,10,4,5,6,7,33,1,0,7,8,8,9,10,11,33,6,5,12,13,12,0,3,13,33,4,3,10,11,1,4,7,2,33,2,1,8,9,5,8,11,6,33,8,7,14,15,11,10,14,15,33,13,12,19,20,13,3,16,17,33,11,10,17,18,2,7,18,19,33,9,8,15,16,6,11,15,20,33,12,11,18,19,3,2,19,16,33,10,9,16,17,7,6,20,18,33,20,19,26,27,17,16,21,22,33,18,17,24,25,19,18,23,24,33,16,15,22,23,20,15,25,26,33,19,18,25,26,16,19,24,21,33,17,16,23,24,18,20,26,23,33,15,14,21,22,15,14,27,25,33,26,25,32,33,21,24,28,29,33,24,23,30,31,23,26,30,31,33,22,21,28,29,25,27,32,33,33,27,26,33,34,22,21,29,34,33,25,24,31,32,24,23,31,28,33,23,22,29,30,26,25,33,30,33,33,32,39,40,29,28,35,36,33,31,30,37,38,31,30,37,38,33,29,28,35,36,33,32,39,40,33,34,33,40,41,34,29,36,41,33,32,31,38,39,28,31,38,35,33,30,29,36,37,30,33,40,37,33,41,40,47,48,41,36,42,43,33,39,38,45,46,35,38,44,45,33,37,36,43,44,37,40,46,47,33,40,39,46,47,36,35,45,42,33,38,37,44,45,38,37,47,44,33,36,35,42,43,40,39,48,46,33,46,45,52,53,45,44,49,50,33,44,43,50,51,47,46,51,52,33,47,46,53,54,42,45,50,53,33,45,44,51,52,44,47,52,49,33,43,42,49,50,46,48,54,51,33,48,47,54,55,43,42,53,55,33,27,34,60,59,22,34,56,57,33,21,14,67,69,27,14,58,59,33,35,28,70,71,39,32,60,61,33,6,13,57,56,12,13,62,63,33,7,0,65,66,10,9,64,65,33,55,6,56,64,55,12,63,66,33,28,21,69,70,32,27,59,60,33,13,20,58,57,13,17,67,62,33,0,49,73,65,9,54,68,64,33,48,55,64,63,43,55,66,69,33,14,7,66,67,14,10,65,58,33,41,48,63,62,41,43,69,70,33,42,35,71,72,48,39,61,71,33,20,27,59,58,17,22,57,67,33,34,41,62,60,34,41,70,56,33,54,53,4,5,53,50,1,0,33,52,51,2,3,49,52,5,4,33,0,1,50,49,9,8,51,54,33,55,54,5,6,55,53,0,12,33,53,52,3,4,50,49,4,1,33,51,50,1,2,52,51,8,5,33,49,42,72,73,54,48,71,68,32,61,56,57,72,63,62,32,61,57,58,72,62,67,32,61,58,59,72,67,57,32,61,59,60,72,57,56,32,61,60,62,72,56,70,32,61,62,63,72,70,69,32,61,63,64,72,69,66,32,61,64,56,72,66,63,32,65,68,66,64,73,65,32,66,68,67,65,73,58,32,67,68,69,58,73,59,32,69,68,70,59,73,60,32,70,68,71,60,73,61,32,71,68,72,61,73,71,32,72,68,73,71,73,68,32,73,68,65,68,73,64],
    "name": "SphereGeometry",
    "uvs": [],
    "metadata": {
        "faces": 80,
        "generator": "io_three",
        "uvs": 0,
        "type": "Geometry",
        "vertices": 74,
        "version": 3,
        "normals": 74
    },
    "vertices": [-0.382684,0.923879,-0,-0.707107,0.707107,-0,-0.92388,0.382683,-0,-1,-0,0,-0.923879,-0.382684,0,-0.707107,-0.707107,0,-0.382683,-0.92388,0,-0.270598,0.923879,-0.270598,-0.5,0.707107,-0.5,-0.653282,0.382683,-0.653281,-0.707107,-0,-0.707107,-0.653281,-0.382684,-0.653281,-0.5,-0.707107,-0.5,-0.270598,-0.92388,-0.270598,-0,0.92388,-0.382683,-0,0.707107,-0.707107,-0,0.382683,-0.923879,-0,-0,-1,-0,-0.382684,-0.923879,-0,-0.707107,-0.707106,-0,-0.92388,-0.382683,0.270598,0.92388,-0.270598,0.5,0.707107,-0.5,0.653281,0.382683,-0.653281,0.707106,0,-0.707107,0.653281,-0.382683,-0.653281,0.5,-0.707107,-0.5,0.270598,-0.92388,-0.270598,0.382683,0.92388,-0,0.707106,0.707107,-0,0.923879,0.382684,-0,1,0,-0,0.923879,-0.382683,-0,0.707106,-0.707107,0,0.382683,-0.923879,0,0.270598,0.92388,0.270598,0.5,0.707107,0.5,0.653281,0.382684,0.653281,0.707106,0,0.707107,0.653281,-0.382683,0.653281,0.5,-0.707107,0.5,0.270598,-0.923879,0.270598,-0,0.92388,0.382683,-0,0.707107,0.707106,-0,0.382683,0.923879,-0,-0,1,-0,-0.382683,0.923879,-0,-0.707107,0.707107,-0,-0.92388,0.382683,-0.270598,0.92388,0.270598,-0.5,0.707107,0.5,-0.653281,0.382683,0.653281,-0.707107,-0,0.707107,-0.653281,-0.382684,0.653281,-0.5,-0.707107,0.5,-0.270598,-0.92388,0.270598,-0.382683,-0.92388,0,-0.270598,-0.92388,-0.270598,-0,-0.92388,-0.382683,0.270598,-0.92388,-0.270598,0.382683,-0.923879,0,-0,-1,0,0.270598,-0.923879,0.270598,-0,-0.92388,0.382683,-0.270598,-0.92388,0.270598,-0.382684,3.00145,-0,-0.270598,3.00145,-0.270598,-0,3.00145,-0.382683,-0,3.07757,-0,0.270598,3.00145,-0.270598,0.382683,3.00145,-0,0.270598,3.00145,0.270598,-0,3.00145,0.382683,-0.270598,3.00145,0.270598],
    "normals": [-0.729606,-0.683828,0,-0.930296,-0.366771,0,-0.657796,-0.366771,-0.657796,-0.515915,-0.683828,-0.515915,-1,0,0,-0.930296,0.366771,0,-0.657796,0.366771,-0.657796,-0.707083,0,-0.707083,-0.729606,0.683828,0,-0.849971,0.52678,0,-0.601032,0.52678,-0.601032,-0.515915,0.683828,-0.515915,-0.423139,-0.63329,0.647969,-0.382397,-0.809351,0.445723,0,0.52678,-0.849971,0,0.683828,-0.729606,0,-0.683828,-0.729606,0,-0.942351,0.334544,0,0,-1,0,-0.366771,-0.930296,0,0.366771,-0.930296,0.515915,-0.683828,-0.515915,0.382397,-0.809351,0.445723,0.707083,0,-0.707083,0.657796,-0.366771,-0.657796,0.515915,0.683828,-0.515915,0.657796,0.366771,-0.657796,0.601032,0.52678,-0.601032,0.930296,-0.366771,0,0.729606,-0.683828,0,0.930296,0.366771,0,1,0,0,0.849971,0.52678,0,0.729606,0.683828,0,0.423139,-0.63329,0.647969,0.657796,-0.366771,0.657796,0.515915,-0.683828,0.515915,0.657796,0.366771,0.657796,0.707083,0,0.707083,0.601032,0.52678,0.601032,0.515915,0.683828,0.515915,0.253975,-0.537584,0.804041,0,-0.683828,0.729606,0,-0.508927,0.860775,0,0,1,0,-0.366771,0.930296,0,0.683828,0.729606,0,0.366771,0.930296,0,0.52678,0.849971,-0.707083,0,0.707083,-0.657796,-0.366771,0.657796,-0.515915,0.683828,0.515915,-0.657796,0.366771,0.657796,-0.515915,-0.683828,0.515915,-0.601032,0.52678,0.601032,-0.253975,-0.537584,0.804041,0.117313,-0.58977,0.798975,0.089053,-0.633229,0.768792,0,0.567583,-0.823298,0.582141,0.567583,-0.582141,0.823298,0.567583,0,0.582141,0.567583,0.582141,-0.089053,-0.633229,0.768792,-0.117313,-0.58977,0.798975,-0.823298,0.567583,0,-0.582141,0.567583,-0.582141,-0.077944,-0.554186,0.82873,0,-0.654256,0.756218,-0.582141,0.567583,0.582141,0,-0.541215,0.840877,0.077944,-0.554186,0.82873,0,0.567583,0.823298,0,-1,0,0,1,0]
}